{
  "best_model_name": "random_forest",
  "best_score": 0.510828025477707,
  "all_results": {
    "random_forest": {
      "accuracy": 0.5740432612312812,
      "precision": 0.5632022471910112,
      "recall": 0.46736596736596736,
      "f1_score": 0.510828025477707,
      "roc_auc": 0.5990808697475364,
      "confusion_matrix": [
        [
          2005,
          2285
        ],
        [
          1555,
          3170
        ]
      ],
      "classification_report": {
        "good_match": {
          "precision": 0.5632022471910112,
          "recall": 0.46736596736596736,
          "f1-score": 0.510828025477707,
          "support": 4290.0
        },
        "poor_match": {
          "precision": 0.5811182401466545,
          "recall": 0.6708994708994709,
          "f1-score": 0.6227897838899804,
          "support": 4725.0
        },
        "accuracy": 0.5740432612312812,
        "macro avg": {
          "precision": 0.5721602436688329,
          "recall": 0.5691327191327191,
          "f1-score": 0.5668089046838437,
          "support": 9015.0
        },
        "weighted avg": {
          "precision": 0.5725924930829042,
          "recall": 0.5740432612312812,
          "f1-score": 0.5695101451114276,
          "support": 9015.0
        }
      },
      "cv_f1_mean": 0.5365676599952335,
      "cv_f1_std": 0.008501608042678209
    },
    "gradient_boosting": {
      "accuracy": 0.569273433166944,
      "precision": 0.5577632699403917,
      "recall": 0.458041958041958,
      "f1_score": 0.5030078075003199,
      "roc_auc": 0.5974879194879195,
      "confusion_matrix": [
        [
          1965,
          2325
        ],
        [
          1558,
          3167
        ]
      ],
      "classification_report": {
        "good_match": {
          "precision": 0.5577632699403917,
          "recall": 0.458041958041958,
          "f1-score": 0.5030078075003199,
          "support": 4290.0
        },
        "poor_match": {
          "precision": 0.5766569555717407,
          "recall": 0.6702645502645502,
          "f1-score": 0.6199471469120094,
          "support": 4725.0
        },
        "accuracy": 0.569273433166944,
        "macro avg": {
          "precision": 0.5672101127560663,
          "recall": 0.5641532541532541,
          "f1-score": 0.5614774772061646,
          "support": 9015.0
        },
        "weighted avg": {
          "precision": 0.5676659504293683,
          "recall": 0.569273433166944,
          "f1-score": 0.5642988090222536,
          "support": 9015.0
        }
      },
      "cv_f1_mean": 0.5368038246048724,
      "cv_f1_std": 0.004442024010476546
    },
    "logistic_regression": {
      "accuracy": 0.5473100388241819,
      "precision": 0.5316187594553706,
      "recall": 0.40955710955710956,
      "f1_score": 0.4626728110599078,
      "roc_auc": 0.562013986013986,
      "confusion_matrix": [
        [
          1757,
          2533
        ],
        [
          1548,
          3177
        ]
      ],
      "classification_report": {
        "good_match": {
          "precision": 0.5316187594553706,
          "recall": 0.40955710955710956,
          "f1-score": 0.4626728110599078,
          "support": 4290.0
        },
        "poor_match": {
          "precision": 0.5563922942206655,
          "recall": 0.6723809523809524,
          "f1-score": 0.6089123143267848,
          "support": 4725.0
        },
        "accuracy": 0.5473100388241819,
        "macro avg": {
          "precision": 0.5440055268380181,
          "recall": 0.5409690309690309,
          "f1-score": 0.5357925626933463,
          "support": 9015.0
        },
        "weighted avg": {
          "precision": 0.544603224432189,
          "recall": 0.5473100388241819,
          "f1-score": 0.5393208036207502,
          "support": 9015.0
        }
      },
      "cv_f1_mean": 0.5256123172749132,
      "cv_f1_std": 0.012931486433329545
    },
    "svm": {
      "accuracy": 0.573044925124792,
      "precision": 0.5670416539981757,
      "recall": 0.4347319347319347,
      "f1_score": 0.4921493600738884,
      "roc_auc": 0.5944313464313464,
      "confusion_matrix": [
        [
          1865,
          2425
        ],
        [
          1424,
          3301
        ]
      ],
      "classification_report": {
        "good_match": {
          "precision": 0.5670416539981757,
          "recall": 0.4347319347319347,
          "f1-score": 0.4921493600738884,
          "support": 4290.0
        },
        "poor_match": {
          "precision": 0.5764931889626266,
          "recall": 0.6986243386243386,
          "f1-score": 0.6317098842216056,
          "support": 4725.0
        },
        "accuracy": 0.573044925124792,
        "macro avg": {
          "precision": 0.5717674214804012,
          "recall": 0.5666781366781366,
          "f1-score": 0.561929622147747,
          "support": 9015.0
        },
        "weighted avg": {
          "precision": 0.5719954535219728,
          "recall": 0.573044925124792,
          "f1-score": 0.5652967229799298,
          "support": 9015.0
        }
      },
      "cv_f1_mean": 0.5270310890106612,
      "cv_f1_std": 0.005850278334762267
    }
  },
  "training_date": "2025-09-07T13:17:02.239308",
  "data_shape": [
    36056,
    33
  ],
  "feature_count": 19
}